rank,team,group,confederation,elo,P_champion,champ_SE,P_market,P_consensus,value_vs_market,P_reach_Final,P_reach_SF,P_reach_QF,P_reach_R16,P_reach_R32
1,Spain,H,UEFA,2129.0,0.210455,0.0009114924381886006,0.14196917156397817,0.18447021078825868,0.06848582843602183,0.31105,0.48834,0.59391,0.77878,0.997275
2,France,I,UEFA,2084.0,0.158445,0.0008165175502553512,0.17036300587677386,0.17062625884042235,-0.011918005876773857,0.297535,0.43944,0.60631,0.812125,0.982935
3,Argentina,J,CONMEBOL,2128.0,0.21771,0.0009228010508771649,0.08518150293838693,0.15145210259813638,0.13252849706161307,0.322375,0.49907,0.65908,0.769065,0.992765
4,England,L,UEFA,2024.0,0.076045,0.0005927147626599155,0.10647687867298365,0.09234074950315316,-0.03043187867298365,0.158905,0.288425,0.459865,0.725295,0.98544
5,Portugal,K,UEFA,1989.0,0.04596,0.00046822899525766237,0.09464611437598545,0.0666013284350602,-0.048686114375985454,0.091275,0.19728,0.386085,0.648275,0.953915
6,Brazil,C,CONMEBOL,1978.0,0.04083,0.00044250938464624677,0.0774377299439881,0.05692717763418742,-0.03660772994398811,0.1007,0.194375,0.366735,0.592515,0.972265
7,Germany,E,UEFA,1939.0,0.02376,0.000340554418558914,0.05678766862559127,0.03678179590654521,-0.03302766862559127,0.068335,0.14883,0.27672,0.616515,0.974005
8,Netherlands,F,UEFA,1944.0,0.0267,0.0003604657403970591,0.044832369967572054,0.035176473484088505,-0.018132369967572053,0.073955,0.15694,0.345335,0.55358,0.946725
9,Colombia,K,CONMEBOL,1982.0,0.04103,0.00044354559573960375,0.01851771803008411,0.029960590852410842,0.022512281969915886,0.08369,0.18612,0.36933,0.636645,0.950595
10,Norway,I,UEFA,1929.0,0.020995,0.0003205792411791506,0.030421965335138183,0.025865889663662586,-0.009426965335138184,0.05985,0.14275,0.29334,0.539035,0.88081
11,Mexico,A,CONCACAF,1881.0,0.02825,0.00037048574533981736,0.01670225547811508,0.02325850657733109,0.01154774452188492,0.07803,0.1661,0.34249,0.693755,0.97703
12,Japan,F,AFC,1910.0,0.016115,0.0002815608883971636,0.01851771803008411,0.01787917604642563,-0.0024027180300841104,0.04876,0.115615,0.276355,0.48593,0.918265
13,Belgium,G,UEFA,1879.0,0.010285,0.00022560162649014746,0.023661528593996364,0.015615735793692409,-0.013376528593996363,0.02718,0.08381,0.27538,0.57977,0.941075
14,Croatia,L,UEFA,1912.0,0.015595,0.0002770541100128276,0.011208092491893014,0.014010339808975975,0.004386907508106986,0.04332,0.109485,0.22205,0.49877,0.93656
15,United States,D,CONCACAF,1780.0,0.005225,0.00016120948134337506,0.020775976326435835,0.010159870115698709,-0.015550976326435834,0.01567,0.05188,0.166715,0.418675,0.73303
16,Switzerland,B,UEFA,1865.0,0.007625,0.00019451040299942827,0.010516234930665051,0.009184538450410212,-0.0028912349306650514,0.02429,0.074085,0.24112,0.60268,0.96633
17,Morocco,C,CAF,1840.0,0.004325,0.00014673606194456765,0.020775976326435835,0.009160881037844272,-0.016450976326435836,0.017325,0.0518,0.148985,0.314165,0.852645
18,Ecuador,E,CONMEBOL,1890.0,0.01161,0.00023953296119741017,0.006088931214863002,0.009053845196011495,0.0055210687851369985,0.03731,0.09355,0.20334,0.512925,0.951515
19,Uruguay,H,CONMEBOL,1870.0,0.00694,0.00018563184532832723,0.011208092491893014,0.00897604034226168,-0.0042680924918930135,0.019345,0.06332,0.143725,0.27339,0.90239
20,Turkey,D,UEFA,1849.0,0.00522,0.00016113273410452638,0.003860964460052581,0.004749986132450235,0.001359035539947419,0.01612,0.05354,0.17263,0.42786,0.740365
21,Austria,J,UEFA,1857.0,0.004745,0.0001536633491597785,0.004219876664812345,0.0046909024014702505,0.0005251233351876551,0.013885,0.048805,0.122495,0.254715,0.790155
22,Senegal,I,CAF,1839.0,0.004465,0.00014908158462734425,0.003454942799678014,0.004146221187935594,0.0010100572003219864,0.016085,0.051155,0.148245,0.33894,0.721375
23,Australia,D,AFC,1839.0,0.004245,0.00014537847115374407,0.003454942799678014,0.004032535286881983,0.0007900572003219858,0.01381,0.04781,0.1572,0.40355,0.719375
24,Canada,B,CONCACAF,1767.0,0.004255,0.0001455488745233023,0.0015524058692635752,0.002817939447353576,0.002702594130736425,0.016015,0.05421,0.196365,0.54085,0.9484
25,South Korea,A,AFC,1786.0,0.001925,9.801261079575423e-05,0.0019172982093230465,0.0020025598824802374,7.70179067695353e-06,0.00925,0.033735,0.12517,0.397415,0.843415
26,Scotland,C,UEFA,1794.0,0.001785,9.438786402393053e-05,0.002095528735558118,0.0019995123008902074,-0.0003105287355581181,0.008355,0.02947,0.095565,0.22914,0.772435
27,Paraguay,D,CONMEBOL,1780.0,0.001155,7.594952188789605e-05,0.0017936458672103224,0.0014674213131943546,-0.0006386458672103224,0.00469,0.02069,0.08069,0.25901,0.55968
28,Iran,G,AFC,1756.0,0.000875,6.611483853871231e-05,0.0013738041986870214,0.00111717402431741,-0.0004988041986870214,0.003805,0.01828,0.08664,0.31982,0.779855
29,Sweden,F,UEFA,1755.0,0.00077,6.202447500785476e-05,0.0013586241971051552,0.0010361450488844623,-0.0005886241971051553,0.00408,0.015965,0.06912,0.20378,0.643175
30,Algeria,J,CAF,1759.0,0.00065,5.699024039254441e-05,0.0014203694479469429,0.0009630587444989812,-0.0007703694479469429,0.00275,0.01287,0.05125,0.141315,0.55204
31,Ivory Coast,E,CAF,1743.0,0.00053,5.146450718699247e-05,0.0011890316479125783,0.000794611611439634,-0.0006590316479125783,0.00368,0.01503,0.05688,0.233485,0.76006
32,Panama,L,CONCACAF,1730.0,0.000375,4.329315043976356e-05,0.0010291104519034818,0.0006155985027995319,-0.0006541104519034818,0.00203,0.01002,0.04202,0.148735,0.630555
33,Czech Republic,A,UEFA,1712.0,0.00036,4.24187694305245e-05,0.0008425643752873597,0.0005501073669495921,-0.0004825643752873597,0.00245,0.011565,0.059085,0.245625,0.69803
34,Egypt,G,CAF,1711.0,0.000305,3.9045292609993333e-05,0.000833254366945625,0.0004996669130056385,-0.0005282543669456251,0.001355,0.00878,0.05141,0.233295,0.68174
35,Uzbekistan,K,AFC,1714.0,0.000275,3.707589344843898e-05,0.0008614976182989284,0.0004791483427511995,-0.0005864976182989284,0.00133,0.00673,0.026665,0.10317,0.440305
36,DR Congo,K,CAF,1652.0,6e-05,1.7319988452652043e-05,0.000432586974159532,0.000152121285354863,-0.000372586974159532,0.000325,0.00186,0.00942,0.04687,0.268765
37,Bosnia and Herzegovina,B,UEFA,1616.0,2.5e-05,1.118020013237688e-05,0.0002899717204330354,7.850462356293808e-05,-0.0002649717204330354,0.000365,0.002595,0.024145,0.13439,0.58311
38,Saudi Arabia,H,AFC,1598.0,2.5e-05,1.118020013237688e-05,0.00023740876504145707,7.174659143836021e-05,-0.00021240876504145705,9.5e-05,0.00078,0.00693,0.034885,0.287735
39,Iraq,I,AFC,1592.0,2e-05,9.999899999499995e-06,0.0002220975580040133,6.158457934951603e-05,-0.0002020975580040133,6e-05,0.000435,0.004105,0.020805,0.11188
40,Tunisia,F,CAF,1585.0,1e-05,7.0710324564380276e-06,0.00020547799707987645,4.061704045897128e-05,-0.00019547799707987645,7e-05,0.000575,0.00486,0.02864,0.18531
41,New Zealand,G,OFC,1578.0,1e-05,7.0710324564380276e-06,0.00019010207794898298,3.921981542051676e-05,-0.00018010207794898298,7.5e-05,0.00058,0.006635,0.0573,0.30255
42,Jordan,J,AFC,1653.0,5e-06,4.999987499984375e-06,0.0004374202981692385,3.898043965472749e-05,-0.00043242029816923847,0.000235,0.00172,0.01093,0.044835,0.25701
43,Cape Verde,H,CAF,1606.0,5e-06,4.999987499984375e-06,0.00025947809620778485,3.081457236459391e-05,-0.00025447809620778483,0.000105,0.00106,0.008275,0.03846,0.30553
44,Haiti,C,CONCACAF,1536.0,5e-06,4.999987499984375e-06,0.000119210938169535,2.171348090871139e-05,-0.000114210938169535,3.5e-05,0.00023,0.00161,0.010345,0.125455
45,South Africa,A,CAF,1511.0,0.0,0.0,9.029812858690963e-05,1.7701548861799444e-07,-9.029812858690963e-05,2e-05,0.000175,0.00242,0.02453,0.16746
46,Ghana,L,CAF,1510.0,0.0,0.0,8.930036941853693e-05,1.7613254124536195e-07,-8.930036941853693e-05,1e-05,8e-05,0.000945,0.007615,0.101745
47,Qatar,B,AFC,1447.0,0.0,0.0,4.434525107638925e-05,1.2853697439018882e-07,-4.434525107638925e-05,1.5e-05,3.5e-05,0.001265,0.01481,0.14955
48,Curacao,E,CONCACAF,1427.0,0.0,0.0,3.550890117860171e-05,1.163046029064336e-07,-3.550890117860171e-05,0.0,5e-06,0.00016,0.00392,0.05737
